n,n_gates_logical,n_pixels,shots,n_gates_transpiled,match_count,dataset,mps_seconds,divzero_pixels,side,n_qubits,match_pct
2,253,16,4096,2529,16,canonical,0.5,4,4,26,100.0
3,584,64,4096,8620,64,canonical,1.16,34,8,28,100.0
4,1523,256,4096,24031,256,canonical,11.6,177,16,30,100.0
5,5180,1024,4096,85500,1009,canonical,160.02,787,32,32,98.5
2,259,16,4096,2847,16,fura2,0.44,4,4,26,100.0
3,895,64,4096,13341,64,fura2,1.71,10,8,28,100.0
4,4157,256,4096,71645,256,fura2,28.61,27,16,30,100.0
5,20279,1024,4096,369369,1016,fura2,567.21,107,32,32,99.2
2,259,16,4096,2847,16,rogfp2,0.52,4,4,26,100.0
3,905,64,4096,13531,64,rogfp2,1.69,14,8,28,100.0
4,4078,256,4096,71696,256,rogfp2,24.58,46,16,30,100.0
5,19633,1024,4096,366683,1014,rogfp2,292.93,153,32,32,99.0
